year;month;cloud_cover;sunshine;global_radiation;max_temp;temp;min_temp;precipitation;pressure;snow_depth;avg(year);avg(month)
1979;1;5.724;1.887;29.032;4.116;0.616;-2.552;1.932;101214.839;1.355;1979.0;1.0
1979;2;6.36;1.889;45.214;4.532;2.043;-0.429;1.571;101163.929;0.107;1979.0;2.0
1979;3;5.968;3.213;93.355;9.239;5.587;1.994;3.061;100459.032;0.032;1979.0;3.0
1979;4;6.133;3.543;134.167;12.52;8.743;4.81;2.587;101165.333;0.0;1979.0;4.0
1979;5;5.29;6.471;204.065;16.206;11.49;7.152;2.806;101362.581;0.0;1979.0;5.0
1979;6;5.667;4.677;187.267;18.997;15.04;11.067;1.253;101859.667;0.0;1979.0;6.0
1979;7;5.484;5.887;202.419;22.626;17.919;13.365;0.7;102008.065;0.0;1979.0;7.0
1979;8;5.387;5.526;174.935;20.971;16.587;12.19;1.077;101368.065;0.0;1979.0;8.0
1979;9;4.621;5.92;137.3;19.477;14.97;10.343;0.693;102026.0;0.0;1979.0;9.0
1979;10;5.633;4.029;79.645;16.226;12.594;8.787;2.216;101137.742;0.0;1979.0;10.0
1979;11;5.593;1.937;34.967;10.767;7.163;3.54;1.61;101440.667;0.0;1979.0;11.0
1979;12;5.613;1.6;23.613;8.758;6.51;3.861;2.929;100953.667;0.032;1979.0;12.0
1980;1;5.194;2.335;33.0;6.235;2.926;-0.139;0.958;101501.935;0.0;1980.0;1.0
1980;2;6.276;1.8;46.0;9.986;6.41;2.903;1.269;101750.345;0.0;1980.0;2.0
1980;3;6.194;2.684;87.161;9.11;5.703;2.419;2.326;100961.29;0.0;1980.0;3.0
1980;4;5.1;5.373;158.967;14.077;9.663;5.35;0.72;102207.333;0.0;1980.0;4.0
1980;5;4.29;7.132;213.032;17.261;12.348;7.442;0.842;101639.355;0.0;1980.0;5.0
1980;6;5.533;6.293;216.7;19.683;15.313;10.853;3.54;101170.0;0.0;1980.0;6.0
1980;7;5.581;5.281;184.935;19.929;15.797;11.884;1.913;101317.097;0.0;1980.0;7.0
1980;8;5.194;5.594;173.71;21.874;17.61;13.316;1.687;101599.677;0.0;1980.0;8.0
1980;9;5.033;4.887;123.4;19.98;16.043;12.013;0.923;101751.0;0.0;1980.0;9.0
1980;10;5.032;3.977;76.0;13.739;9.887;5.758;3.113;101105.806;0.0;1980.0;10.0
1980;11;5.667;2.213;35.967;9.24;6.92;4.52;0.88;101673.0;0.0;1980.0;11.0
1980;12;5.516;2.055;25.613;8.932;5.777;2.703;1.077;101809.032;0.0;1980.0;12.0
1981;1;5.548;2.0;30.548;8.197;5.013;1.961;1.055;102288.387;0.0;1981.0;1.0
1981;2;5.071;2.557;50.821;7.068;3.507;-0.082;0.425;102036.786;0.036;1981.0;2.0
1981;3;6.839;1.832;76.065;11.758;9.132;6.477;2.929;100529.032;0.0;1981.0;3.0
1981;4;5.6;4.33;141.667;12.867;8.87;4.853;1.08;102059.0;0.0;1981.0;4.0
1981;5;5.903;3.613;160.29;16.523;12.274;8.423;2.574;100870.968;0.0;1981.0;5.0
1981;6;5.833;5.07;195.733;18.45;14.46;10.417;1.317;101883.333;0.0;1981.0;6.0
1981;7;5.839;4.803;188.742;21.848;17.374;12.794;1.829;101652.581;0.0;1981.0;7.0
1981;8;4.516;7.029;192.613;22.9;17.926;13.003;1.461;102113.871;0.0;1981.0;8.0
1981;9;4.7;5.037;126.933;20.28;15.76;11.267;3.153;101282.333;0.0;1981.0;9.0
1981;10;5.452;3.558;73.323;12.758;9.306;5.761;2.468;100867.742;0.0;1981.0;10.0
1981;11;5.967;1.83;33.967;11.223;8.317;5.093;1.137;102324.333;0.0;1981.0;11.0
1981;12;5.867;1.516;22.548;4.426;1.439;-1.542;2.752;100210.323;2.194;1981.0;12.0
1982;1;5.613;1.861;29.903;6.977;3.639;0.394;1.226;101757.097;3.613;1982.0;1.0
1982;2;6.071;1.832;44.393;8.421;5.364;2.371;1.129;101750.0;0.0;1982.0;2.0
1982;3;4.161;5.526;124.419;11.213;6.845;2.542;1.661;101529.355;0.0;1982.0;3.0
1982;4;5.133;6.03;173.167;14.363;9.64;4.973;0.76;102120.333;0.0;1982.0;4.0
1982;5;4.774;6.606;207.968;18.365;12.774;7.594;2.319;101780.968;0.0;1982.0;5.0
1982;6;5.233;6.07;213.033;21.21;17.14;12.827;2.82;101353.667;0.0;1982.0;6.0
1982;7;5.323;5.29;193.806;22.958;18.035;13.345;0.79;101947.097;0.0;1982.0;7.0
1982;8;5.194;5.448;172.935;21.877;17.529;12.871;1.281;101409.355;0.0;1982.0;8.0
1982;9;4.2;5.2;127.733;20.79;15.903;11.047;1.32;101552.0;0.0;1982.0;9.0
1982;10;6.194;2.245;58.774;14.123;10.958;7.8;3.519;100969.032;0.0;1982.0;10.0
1982;11;5.533;1.85;33.667;11.02;8.8;6.18;2.43;101104.0;0.0;1982.0;11.0
1982;12;5.516;1.613;22.968;8.339;5.055;1.91;2.052;101194.516;0.0;1982.0;12.0
1983;1;6.032;1.658;28.258;9.929;7.165;4.306;1.523;102279.677;0.0;1983.0;1.0
1983;2;5.179;3.046;55.857;5.546;2.479;-0.518;1.107;102016.429;0.107;1983.0;2.0
1983;3;5.581;3.013;92.419;10.774;6.935;3.039;1.087;101678.387;0.0;1983.0;3.0
1983;4;5.533;4.847;152.9;12.573;7.967;3.577;3.383;100769.0;0.0;1983.0;4.0
1983;5;5.935;4.413;176.097;15.79;11.535;7.487;2.352;100711.29;0.0;1983.0;5.0
1983;6;5.467;6.293;215.133;20.823;16.083;11.37;0.4;102021.333;0.0;1983.0;6.0
1983;7;3.677;7.994;237.903;27.539;21.784;15.965;1.623;101847.097;0.0;1983.0;7.0
1983;8;3.839;7.068;199.29;24.587;19.177;13.839;0.368;101991.935;0.0;1983.0;8.0
1983;9;5.6;3.79;108.9;19.123;15.293;11.277;1.43;101257.333;0.0;1983.0;9.0
1983;10;4.935;3.677;72.452;15.058;11.319;7.545;1.345;101940.645;0.0;1983.0;10.0
1983;11;5.933;1.43;31.167;10.997;8.387;5.473;1.317;101810.667;0.0;1983.0;11.0
1983;12;5.387;1.887;25.323;9.387;5.965;2.71;1.642;101335.806;0.0;1983.0;12.0
1984;1;5.129;2.842;36.71;7.942;4.735;1.432;2.365;100739.677;0.0;1984.0;1.0
1984;2;5.724;2.469;49.621;7.514;4.338;1.272;1.134;102044.828;0.0;1984.0;2.0
1984;3;6.323;1.658;73.839;8.71;5.723;2.542;2.368;101589.677;0.0;1984.0;3.0
1984;4;4.067;7.683;194.033;15.0;9.23;3.847;0.18;102087.333;0.0;1984.0;4.0
1984;5;5.774;4.668;169.903;14.81;10.871;6.826;2.932;101170.645;0.0;1984.0;5.0
1984;6;4.833;7.9;244.467;21.487;16.297;11.33;1.203;101790.667;0.0;1984.0;6.0
1984;7;4.387;7.5;229.935;24.316;18.565;12.935;0.619;101900.645;0.0;1984.0;7.0
1984;8;4.742;6.487;190.548;24.413;19.319;14.194;0.897;101820.645;0.0;1984.0;8.0
1984;9;5.567;3.27;104.0;18.297;14.803;11.033;2.447;101059.0;0.0;1984.0;9.0
1984;10;5.645;2.942;65.645;15.855;12.135;8.487;2.671;101401.613;0.0;1984.0;10.0
1984;11;5.7;2.513;39.767;12.03;9.293;6.407;2.327;100463.0;0.0;1984.0;11.0
1984;12;5.733;1.59;23.194;8.461;5.761;2.806;1.829;101880.645;0.0;1984.0;12.0
1985;1;5.742;1.513;27.032;4.323;1.116;-1.832;1.332;101344.194;0.355;1985.0;1.0
1985;2;5.5;2.796;53.321;6.204;3.196;0.121;1.064;102195.0;1.214;1985.0;2.0
1985;3;5.387;3.394;96.0;9.568;5.339;1.281;1.1;101285.806;0.0;1985.0;3.0
1985;4;5.4;5.25;160.033;13.897;9.647;5.273;1.11;101185.667;0.0;1985.0;4.0
1985;5;5.677;5.281;184.581;16.639;12.297;8.216;2.087;101342.258;0.0;1985.0;5.0
1985;6;5.967;5.573;201.767;18.52;14.203;9.917;2.963;101386.667;0.0;1985.0;6.0
1985;7;4.968;7.787;234.452;22.794;18.019;13.177;1.135;101564.839;0.0;1985.0;7.0
1985;8;5.387;6.042;181.323;20.19;16.116;11.935;1.9;101297.419;0.0;1985.0;8.0
1985;9;4.9;4.78;121.433;20.947;15.997;11.363;0.373;102013.667;0.0;1985.0;9.0
1985;10;5.0;3.832;75.677;15.548;12.406;8.745;0.594;102388.387;0.0;1985.0;10.0
1985;11;5.333;2.953;42.967;8.277;4.673;1.223;1.0;101414.667;0.0;1985.0;11.0
1985;12;6.484;1.258;21.032;9.761;7.606;5.187;2.597;101278.71;0.0;1985.0;12.0
1986;1;5.387;2.026;30.645;7.071;4.1;1.035;3.406;100780.645;0.0;1986.0;1.0
1986;2;5.679;2.211;48.321;1.586;-0.468;-2.675;0.518;101766.429;1.143;1986.0;2.0
1986;3;5.516;4.013;105.516;10.465;5.906;1.755;1.403;101207.097;0.161;1986.0;3.0
1986;4;5.967;4.507;149.633;11.13;7.037;3.21;2.023;101079.667;0.0;1986.0;4.0
1986;5;5.29;5.558;191.645;16.171;12.052;7.871;1.687;101490.323;0.0;1986.0;5.0
1986;6;4.8;7.527;232.067;22.043;16.567;11.387;0.573;101780.333;0.0;1986.0;6.0
1986;7;5.774;5.823;203.677;22.387;17.948;13.339;1.761;101793.226;0.0;1986.0;7.0
1986;8;5.935;5.106;165.032;19.816;15.732;11.506;2.152;101430.645;0.0;1986.0;8.0
1986;9;4.967;5.25;127.2;17.333;12.737;8.107;0.76;102346.667;0.0;1986.0;9.0
1986;10;5.032;3.752;75.29;16.303;12.455;8.539;2.335;101670.0;0.0;1986.0;10.0
1986;11;5.733;2.437;38.233;12.023;8.633;5.22;2.203;101649.0;0.0;1986.0;11.0
1986;12;5.452;1.777;23.419;9.632;6.429;3.161;1.955;101594.516;0.0;1986.0;12.0
1987;1;5.806;1.755;27.806;3.429;1.306;-1.0;0.358;102313.548;0.355;1987.0;1.0
1987;2;6.429;2.071;47.75;7.971;4.571;1.4;1.157;101557.143;0.0;1987.0;2.0
1987;3;5.645;3.394;95.387;8.452;4.977;1.429;1.377;101565.161;0.032;1987.0;3.0
1987;4;4.9;5.1;156.767;16.02;11.227;6.683;1.33;101545.0;0.0;1987.0;4.0
1987;5;5.516;6.394;204.226;16.368;11.629;7.003;1.745;101862.581;0.0;1987.0;5.0
1987;6;6.367;4.43;182.967;18.63;14.613;10.617;2.33;101310.0;0.0;1987.0;6.0
1987;7;5.774;5.681;194.129;21.855;17.529;13.216;2.494;101629.677;0.0;1987.0;7.0
1987;8;5.161;5.558;174.677;21.852;17.155;12.539;1.845;101576.774;0.0;1987.0;8.0
1987;9;5.367;4.907;124.433;19.06;15.33;11.36;1.23;101626.333;0.0;1987.0;9.0
1987;10;5.387;3.89;76.129;14.784;11.323;7.681;5.639;100856.774;0.0;1987.0;10.0
1987;11;5.759;1.327;29.733;9.6;6.943;4.147;1.443;101700.667;0.0;1987.0;11.0
1987;12;6.581;1.11;19.645;9.103;6.523;4.135;0.465;101929.355;0.0;1987.0;12.0
1988;1;5.806;1.765;28.774;8.713;5.948;3.065;3.448;100388.71;0.0;1988.0;1.0
1988;2;4.966;3.997;65.517;8.569;5.259;1.828;0.897;101310.69;0.0;1988.0;2.0
1988;3;6.29;2.842;91.806;10.855;7.181;3.687;1.919;101141.613;0.0;1988.0;3.0
1988;4;5.267;4.86;151.133;13.577;9.297;5.14;0.923;101693.667;0.0;1988.0;4.0
1988;5;4.839;6.516;207.032;18.097;13.545;9.106;1.342;101221.613;0.0;1988.0;5.0
1988;6;6.033;5.33;192.733;19.72;15.493;11.277;1.477;101822.667;0.0;1988.0;6.0
1988;7;5.742;5.216;191.355;19.961;16.061;12.152;2.458;101156.452;0.0;1988.0;7.0
1988;8;5.226;6.29;185.516;21.742;17.097;12.416;1.965;101348.387;0.0;1988.0;8.0
1988;9;4.933;4.927;123.133;18.723;14.827;10.837;0.927;101733.667;0.0;1988.0;9.0
1988;10;5.419;3.548;71.323;15.371;11.974;8.458;1.816;101411.29;0.0;1988.0;10.0
1988;11;4.9;2.973;42.433;9.803;5.883;1.8;0.533;102265.667;0.0;1988.0;11.0
1988;12;6.194;1.21;20.548;10.413;7.623;4.835;0.287;102420.645;0.0;1988.0;12.0
1989;1;5.484;1.91;29.871;9.41;6.31;3.103;0.839;102830.0;0.0;1989.0;1.0
1989;2;5.107;3.364;58.929;10.368;6.421;2.629;1.436;101442.857;0.0;1989.0;2.0
1989;3;5.839;3.226;95.968;13.032;8.681;4.494;1.826;101170.645;0.0;1989.0;3.0
1989;4;6.0;4.817;150.633;11.577;7.89;4.273;2.14;100946.0;0.0;1989.0;4.0
1989;5;4.0;10.003;260.0;20.939;15.506;9.965;0.39;102098.387;0.0;1989.0;5.0
1989;6;4.933;8.617;252.733;22.403;16.74;11.367;1.183;101789.0;0.0;1989.0;6.0
1989;7;4.355;8.865;248.129;25.816;20.326;14.842;1.184;102039.355;0.0;1989.0;7.0
1989;8;4.548;8.616;218.581;24.1;18.606;13.074;1.797;101477.097;0.0;1989.0;8.0
1989;9;5.367;4.373;117.033;20.527;16.663;12.61;0.36;101950.0;0.0;1989.0;9.0
1989;10;5.774;3.658;74.774;17.029;13.403;9.739;1.703;101696.129;0.0;1989.0;10.0
1989;11;4.172;3.567;45.433;10.56;7.29;3.647;0.793;101507.0;0.0;1989.0;11.0
1989;12;6.419;1.084;20.258;9.423;6.771;4.187;3.848;101038.065;0.0;1989.0;12.0
1990;1;6.129;1.858;29.323;10.332;7.306;4.374;2.294;101481.935;0.0;1990.0;1.0
1990;2;5.536;3.368;58.357;11.632;8.486;5.286;3.296;100668.929;0.0;1990.0;2.0
1990;3;5.226;4.987;117.548;13.997;9.194;4.81;0.223;102653.871;0.0;1990.0;3.0
1990;4;4.1;8.167;202.133;14.683;9.413;4.21;0.99;101613.0;0.0;1990.0;4.0
1990;5;4.032;9.258;246.71;20.452;14.732;9.0;0.132;102089.032;0.0;1990.0;5.0
1990;6;5.9;4.417;183.467;19.367;15.173;10.83;1.317;101293.0;0.0;1990.0;6.0
1990;7;3.581;8.813;248.129;25.132;18.955;13.2;0.223;101934.194;0.0;1990.0;7.0
1990;8;4.548;8.042;210.742;25.713;20.329;14.671;0.865;101860.968;0.0;1990.0;8.0
1990;9;5.1;5.78;136.6;19.457;14.827;9.977;0.83;101792.0;0.0;1990.0;9.0
1990;10;5.129;3.952;78.032;16.716;13.258;9.632;1.603;100818.387;0.0;1990.0;10.0
1990;11;5.633;2.333;39.833;10.517;7.903;5.127;0.737;101335.667;0.0;1990.0;11.0
1990;12;5.935;1.542;22.774;7.755;5.045;2.49;1.658;101688.71;0.0;1990.0;12.0
1991;1;5.645;2.206;30.484;7.058;4.552;1.8;2.248;102032.581;0.0;1991.0;1.0
1991;2;5.786;1.732;44.786;5.475;2.057;-1.275;1.239;101724.643;1.786;1991.0;2.0
1991;3;5.871;3.313;96.065;12.635;8.935;5.342;0.835;101210.968;0.0;1991.0;3.0
1991;4;5.433;5.283;160.467;13.053;8.967;4.83;1.76;101648.333;0.0;1991.0;4.0
1991;5;6.065;4.474;172.0;15.826;11.69;7.658;0.294;102450.968;0.0;1991.0;5.0
1991;6;6.367;4.5;185.467;17.967;13.703;9.657;2.953;101193.333;0.0;1991.0;6.0
1991;7;5.484;7.052;220.774;23.29;18.794;14.4;2.997;101519.355;0.0;1991.0;7.0
1991;8;4.677;7.797;206.0;24.265;19.213;14.361;0.839;101948.71;0.0;1991.0;8.0
1991;9;4.433;6.1;138.767;20.943;16.427;11.52;1.457;101571.0;0.0;1991.0;9.0
1991;10;5.581;2.81;66.968;14.587;11.113;7.619;0.597;101534.839;0.0;1991.0;10.0
1991;11;5.833;1.973;36.533;10.423;7.397;4.173;1.977;101053.0;0.0;1991.0;11.0
1991;12;5.065;1.958;25.032;8.258;4.971;1.671;0.387;102840.968;0.0;1991.0;12.0
1992;1;5.581;1.806;28.903;7.2;4.716;1.974;0.406;103052.258;0.0;1992.0;1.0
1992;2;5.621;1.734;45.034;9.731;5.897;2.338;0.61;102325.517;0.0;1992.0;2.0
1992;3;6.516;1.994;79.839;11.842;8.365;4.942;1.242;101485.806;0.0;1992.0;3.0
1992;4;5.633;4.323;145.267;14.093;9.82;5.617;1.903;101211.333;0.0;1992.0;4.0
1992;5;3.839;8.771;242.774;21.142;15.626;10.226;3.048;101833.871;0.0;1992.0;5.0
1992;6;5.167;7.123;226.8;22.443;17.38;12.29;0.75;101744.333;0.0;1992.0;6.0
1992;7;5.968;5.116;181.613;22.787;18.348;14.194;2.01;101664.194;0.0;1992.0;7.0
1992;8;5.903;4.813;162.677;21.31;17.632;13.59;2.732;101122.581;0.0;1992.0;8.0
1992;9;5.5;4.25;115.6;18.84;14.913;10.97;2.577;101536.0;0.0;1992.0;9.0
1992;10;5.032;3.632;72.548;12.365;8.861;5.258;1.916;101065.161;0.0;1992.0;10.0
1992;11;5.8;2.053;35.167;11.91;8.353;4.75;2.897;101203.667;0.0;1992.0;11.0
1992;12;5.484;1.584;22.774;7.561;4.661;1.584;1.158;101726.452;0.0;1992.0;12.0
1993;1;6.387;1.219;24.355;10.271;6.894;3.535;2.035;101907.097;0.0;1993.0;1.0
1993;2;6.571;1.821;44.893;7.196;4.889;2.543;0.086;103060.357;0.0;1993.0;2.0
1993;3;4.935;4.142;105.839;11.819;7.516;3.274;0.516;102177.097;0.0;1993.0;3.0
1993;4;5.867;4.23;143.267;14.993;10.663;6.757;2.51;101004.0;0.0;1993.0;4.0
1993;5;5.516;5.697;191.71;18.003;13.4;8.806;1.026;101389.677;0.0;1993.0;5.0
1993;6;4.967;7.473;182.55;21.943;17.043;12.217;1.463;101665.333;0.0;1993.0;6.0
1993;7;5.806;5.632;185.75;21.542;17.106;12.616;1.129;101610.968;0.0;1993.0;7.0
1993;8;5.065;7.077;200.323;21.713;16.645;11.655;0.768;101964.839;0.0;1993.0;8.0
1993;9;6.033;3.483;107.5;17.107;13.62;9.77;3.21;101109.333;0.0;1993.0;9.0
1993;10;5.484;3.774;76.774;12.829;10.003;6.977;3.968;101420.323;0.0;1993.0;10.0
1993;11;5.7;2.377;37.8;8.923;5.617;2.413;0.983;101977.667;0.0;1993.0;11.0
1993;12;6.129;1.69;24.129;9.087;6.397;3.619;2.381;100574.516;0.0;1993.0;12.0
1994;1;5.71;2.368;33.387;9.355;6.065;2.806;2.581;101014.839;0.065;1994.0;1.0
1994;2;5.75;2.571;50.0;7.632;4.418;1.189;1.521;101225.0;0.107;1994.0;2.0
1994;3;6.065;4.077;105.355;12.39;8.713;5.106;1.29;101550.323;0.0;1994.0;3.0
1994;4;6.033;5.833;169.667;13.473;9.2;5.117;1.76;101257.333;0.0;1994.0;4.0
1994;5;6.097;5.106;178.419;16.284;12.135;8.242;2.6;101356.129;0.0;1994.0;5.0
1994;6;4.9;8.833;252.0;21.557;16.373;11.22;0.567;101900.667;0.0;1994.0;6.0
1994;7;4.903;8.616;245.613;26.09;20.684;15.213;0.545;101759.032;0.0;1994.0;7.0
1994;8;5.903;5.835;178.29;22.732;18.358;13.755;1.039;101474.516;0.0;1994.0;8.0
1994;9;5.867;3.657;107.4;17.75;14.31;10.82;2.877;101281.667;0.0;1994.0;9.0
1994;10;5.161;4.548;82.194;15.29;11.526;7.661;2.452;101339.677;0.0;1994.0;10.0
1994;11;6.7;1.423;31.467;13.417;10.98;8.41;1.437;101727.333;0.0;1994.0;11.0
1994;12;5.484;1.961;26.194;10.519;7.306;3.948;2.042;101548.387;0.0;1994.0;12.0
1995;1;5.806;1.923;28.774;9.01;5.539;2.232;3.668;101222.258;0.0;1995.0;1.0
1995;2;6.179;2.532;51.929;10.646;7.521;4.393;2.568;100927.143;0.0;1995.0;2.0
1995;3;4.742;6.274;133.452;11.51;6.574;1.997;1.597;101255.161;0.0;1995.0;3.0
1995;4;5.433;6.65;176.033;15.003;10.533;6.053;0.563;101923.0;0.0;1995.0;4.0
1995;5;5.29;7.561;221.484;18.961;13.584;8.184;0.968;101665.806;0.0;1995.0;5.0
1995;6;5.633;6.257;208.367;20.87;15.787;10.837;0.37;101952.333;0.0;1995.0;6.0
1995;7;4.742;7.971;235.871;26.697;20.755;15.197;0.655;101542.903;0.0;1995.0;7.0
1995;8;3.71;9.526;229.645;26.539;21.323;15.619;0.01;101996.129;0.0;1995.0;8.0
1995;9;5.533;4.747;122.933;19.26;14.973;10.73;3.167;101196.0;0.0;1995.0;9.0
1995;10;5.194;4.19;79.548;18.068;14.245;10.174;0.619;101812.258;0.0;1995.0;10.0
1995;11;5.833;2.54;39.867;11.88;8.54;5.143;0.95;101594.333;0.0;1995.0;11.0
1995;12;6.548;1.442;21.742;5.619;3.39;0.971;2.671;101655.806;0.032;1995.0;12.0
1996;1;7.194;0.816;22.387;7.187;5.174;3.11;1.339;101026.452;0.0;1996.0;1.0
1996;2;5.414;3.459;61.414;6.866;3.397;0.066;1.69;101333.793;0.207;1996.0;2.0
1996;3;6.774;2.448;84.29;8.542;5.303;2.077;1.013;101836.129;0.0;1996.0;3.0
1996;4;5.433;4.917;152.033;14.467;9.883;5.463;0.833;101726.333;0.0;1996.0;4.0
1996;5;5.677;5.89;193.71;15.265;10.519;5.932;0.832;101455.484;0.0;1996.0;5.0
1996;6;4.9;9.423;262.3;22.687;17.0;11.247;0.4;102109.0;0.0;1996.0;6.0
1996;7;4.935;7.539;227.774;24.381;18.684;13.219;0.929;101787.742;0.0;1996.0;7.0
1996;8;5.129;7.019;195.452;23.039;18.265;13.439;1.477;101482.258;0.0;1996.0;8.0
1996;9;5.4;4.733;120.433;19.097;14.957;10.69;0.733;101812.333;0.0;1996.0;9.0
1996;10;5.323;4.59;82.0;16.597;12.745;8.858;1.142;101472.258;0.0;1996.0;10.0
1996;11;5.033;3.583;46.667;10.303;6.597;2.737;3.033;100999.0;0.0;1996.0;11.0
1996;12;6.129;1.858;23.742;5.777;3.826;1.426;0.419;101462.258;0.032;1996.0;12.0
1997;1;6.097;1.913;28.645;5.819;2.861;0.194;0.332;102264.194;0.0;1997.0;1.0
1997;2;6.107;2.075;47.179;11.011;7.379;3.957;1.968;101514.643;0.0;1997.0;2.0
1997;3;5.452;4.871;115.903;13.977;9.545;5.265;0.368;102406.129;0.0;1997.0;3.0
1997;4;4.8;7.283;187.8;15.743;10.5;5.417;0.327;102248.667;0.0;1997.0;4.0
1997;5;4.516;8.361;234.484;18.629;13.594;8.465;0.91;101456.129;0.0;1997.0;5.0
1997;6;6.467;5.053;193.633;20.173;16.19;12.167;3.1;100935.667;0.0;1997.0;6.0
1997;7;5.226;7.777;232.161;23.703;18.703;13.906;1.116;101856.129;0.0;1997.0;7.0
1997;8;5.387;6.265;186.581;25.732;21.229;16.613;2.274;101548.065;0.0;1997.0;8.0
1997;9;4.8;6.343;141.3;20.977;16.323;11.773;0.227;102188.0;0.0;1997.0;9.0
1997;10;4.581;5.355;87.774;15.471;11.703;7.516;1.448;101763.548;0.0;1997.0;10.0
1997;11;5.7;2.243;38.8;12.247;9.303;6.177;1.57;100332.333;0.0;1997.0;11.0
1997;12;6.387;1.548;23.226;9.655;6.877;4.21;1.523;101114.839;0.0;1997.0;12.0
1998;1;5.935;2.103;31.806;8.932;6.332;3.465;2.213;101423.871;0.0;1998.0;1.0
1998;2;5.286;4.039;64.5;11.918;7.586;3.525;0.236;102436.786;0.0;1998.0;2.0
1998;3;6.516;2.739;86.032;12.165;8.887;5.674;1.648;102171.613;0.0;1998.0;3.0
1998;4;6.5;3.847;138.9;12.58;9.187;5.723;2.753;100202.667;0.0;1998.0;4.0
1998;5;5.548;7.361;219.065;19.932;14.865;10.161;1.029;101731.613;0.0;1998.0;5.0
1998;6;6.1;5.28;198.333;19.84;15.957;12.03;2.987;101352.667;0.0;1998.0;6.0
1998;7;6.065;5.945;203.097;21.474;17.2;12.981;0.868;101313.226;0.0;1998.0;7.0
1998;8;4.516;8.471;215.935;23.606;18.081;12.668;0.535;101857.097;0.0;1998.0;8.0
1998;9;5.933;4.97;126.867;20.15;16.573;12.723;3.373;100912.333;0.0;1998.0;9.0
1998;10;6.032;3.119;68.161;14.481;11.645;8.581;3.348;101146.129;0.0;1998.0;10.0
1998;11;5.7;2.617;41.333;9.46;6.513;3.403;1.9;101726.0;0.0;1998.0;11.0
1998;12;6.258;1.368;21.677;9.89;6.774;3.819;1.587;101750.968;0.0;1998.0;12.0
1999;1;6.032;1.732;29.065;9.416;6.581;3.748;2.216;101192.258;0.0;1999.0;1.0
1999;2;5.964;3.218;57.679;8.936;5.8;2.796;0.754;101848.929;0.0;1999.0;2.0
1999;3;6.129;3.952;104.677;12.445;8.629;5.032;0.826;101066.452;0.0;1999.0;3.0
1999;4;5.567;5.593;164.633;14.923;10.59;6.25;1.167;101283.333;0.0;1999.0;4.0
1999;5;5.806;5.965;199.0;19.19;14.642;10.177;1.155;101513.548;0.0;1999.0;5.0
1999;6;5.267;7.97;242.433;20.22;15.643;11.04;3.273;101675.667;0.0;1999.0;6.0
1999;7;4.935;8.9;251.032;25.235;19.584;14.303;0.277;101741.29;0.0;1999.0;7.0
1999;8;5.71;6.445;187.548;22.523;18.397;14.006;4.026;101257.097;0.0;1999.0;8.0
1999;9;5.2;5.5;133.5;21.09;17.277;13.21;2.89;100857.667;0.0;1999.0;9.0
1999;10;4.774;5.177;87.903;15.597;11.739;7.871;1.587;101410.645;0.0;1999.0;10.0
1999;11;5.767;2.633;41.2;11.107;8.563;5.85;1.04;102178.0;0.0;1999.0;11.0
1999;12;5.548;2.429;27.839;8.581;5.539;2.381;2.49;100884.194;0.0;1999.0;12.0
2000;1;5.548;2.535;34.387;8.635;5.484;2.406;0.532;102470.0;0.0;2000.0;1.0
2000;2;5.69;3.534;61.793;10.379;7.107;3.783;2.145;101834.138;0.0;2000.0;2.0
2000;3;6.0;3.884;103.387;12.174;8.506;4.932;0.516;102162.258;0.0;2000.0;3.0
2000;4;6.0;4.527;146.133;13.033;9.12;5.367;3.32;100617.333;0.0;2000.0;4.0
2000;5;6.0;6.545;207.677;18.035;13.806;9.571;2.813;101482.258;0.0;2000.0;5.0
2000;6;5.833;5.65;202.0;21.15;16.907;12.807;0.64;101893.333;0.0;2000.0;6.0
2000;7;5.806;5.635;195.548;21.068;16.877;12.823;1.703;101413.226;0.0;2000.0;7.0
2000;8;4.968;6.819;192.161;23.016;18.597;14.0;1.042;101701.29;0.0;2000.0;8.0
2000;9;5.767;4.403;117.067;20.07;16.3;12.52;3.527;101165.667;0.0;2000.0;9.0
2000;10;6.032;3.161;67.548;14.445;11.603;8.516;5.013;100829.032;0.0;2000.0;10.0
2000;11;5.333;2.497;40.1;11.107;7.76;4.497;3.317;99865.667;0.0;2000.0;11.0
2000;12;5.968;1.613;22.613;8.871;6.755;4.571;2.384;100554.516;0.097;2000.0;12.0
2001;1;5.387;2.806;35.516;6.955;4.435;1.752;2.426;100904.194;0.0;2001.0;1.0
2001;2;5.893;3.296;58.964;9.118;5.989;2.8;2.486;101730.357;0.0;2001.0;2.0
2001;3;6.613;2.523;84.71;9.839;6.623;3.755;3.074;100371.935;0.0;2001.0;3.0
2001;4;5.933;4.617;153.733;12.647;9.067;5.36;2.217;101255.667;0.0;2001.0;4.0
2001;5;5.129;7.355;217.806;19.026;13.903;9.058;0.839;101874.516;0.0;2001.0;5.0
2001;6;5.233;8.267;246.867;21.08;16.097;11.343;1.303;101720.333;0.0;2001.0;6.0
2001;7;5.419;7.39;225.903;24.355;19.429;14.535;1.135;101369.355;0.0;2001.0;7.0
2001;8;5.548;6.803;189.226;23.261;18.952;14.452;2.548;101457.419;0.0;2001.0;8.0
2001;9;5.9;4.777;123.5;18.087;14.48;10.84;1.987;101461.0;0.0;2001.0;9.0
2001;10;5.613;3.545;74.452;17.471;14.474;11.294;3.49;101173.226;0.0;2001.0;10.0
2001;11;5.767;2.943;43.033;11.23;7.82;4.367;1.127;102408.333;0.0;2001.0;11.0
2001;12;4.806;3.01;31.032;7.061;4.355;1.377;0.574;102467.097;0.0;2001.0;12.0
2002;1;6.161;1.723;28.29;9.829;6.5;3.494;1.645;101899.355;0.0;2002.0;1.0
2002;2;5.75;3.264;58.821;11.118;8.036;4.757;2.286;101010.714;0.0;2002.0;2.0
2002;3;5.774;3.59;99.452;12.584;8.723;5.097;1.213;101697.097;0.0;2002.0;3.0
2002;4;4.567;7.35;190.267;15.663;10.877;6.11;1.28;101561.333;0.0;2002.0;4.0
2002;5;5.935;6.2;202.613;17.574;13.361;9.381;2.142;101170.323;0.0;2002.0;5.0
2002;6;5.767;6.383;213.167;19.917;15.87;11.643;2.473;101477.667;0.0;2002.0;6.0
2002;7;5.484;6.255;207.968;22.406;17.89;13.471;2.168;101456.452;0.0;2002.0;7.0
2002;8;5.677;6.142;184.968;23.313;19.016;14.723;1.171;101566.774;0.0;2002.0;8.0
2002;9;5.0;5.94;137.4;20.353;15.92;11.487;0.667;102033.667;0.0;2002.0;9.0
2002;10;6.065;3.523;73.065;15.061;11.823;8.39;1.987;101061.29;0.0;2002.0;10.0
2002;11;5.9;2.203;37.733;12.26;9.65;6.957;5.033;100474.333;0.0;2002.0;11.0
2002;12;6.871;1.1;19.839;9.045;7.084;5.152;3.839;101291.935;0.0;2002.0;12.0
2003;1;5.419;3.019;37.484;7.832;5.148;2.3;2.374;101563.871;0.258;2003.0;1.0
2003;2;5.286;3.614;61.643;8.639;5.125;1.821;0.743;101903.571;0.036;2003.0;2.0
2003;3;4.548;5.706;126.0;13.484;8.987;4.406;0.529;102277.097;0.0;2003.0;3.0
2003;4;4.633;6.6;177.533;15.863;11.0;6.283;1.0;101665.333;0.0;2003.0;4.0
2003;5;5.452;6.629;208.968;18.403;13.552;8.945;1.261;101564.839;0.0;2003.0;5.0
2003;6;5.167;8.183;244.6;23.2;18.33;13.343;1.587;101543.667;0.0;2003.0;6.0
2003;7;5.29;6.9;216.71;24.194;19.474;14.732;0.929;101498.387;0.0;2003.0;7.0
2003;8;4.323;8.235;211.677;26.432;21.058;15.684;0.335;101856.129;0.0;2003.0;8.0
2003;9;4.5;6.89;148.767;21.87;16.35;10.83;0.28;102024.667;0.0;2003.0;9.0
2003;10;4.968;5.184;88.226;14.271;10.474;6.439;1.135;101377.742;0.0;2003.0;10.0
2003;11;6.0;2.94;43.233;12.56;9.657;6.7;3.793;101197.0;0.0;2003.0;11.0
2003;12;5.871;1.871;23.968;8.745;6.045;3.239;1.671;101727.419;0.0;2003.0;12.0
2004;1;6.129;2.065;31.161;8.961;5.958;3.119;2.319;100845.161;0.065;2004.0;1.0
2004;2;5.931;2.252;50.103;8.517;6.262;3.762;0.907;102115.862;0.0;2004.0;2.0
2004;3;5.677;3.313;96.871;11.158;7.377;3.9;0.952;102007.097;0.0;2004.0;3.0
2004;4;5.5;5.167;156.7;14.747;10.58;6.313;2.323;101237.667;0.0;2004.0;4.0
2004;5;5.452;6.716;210.194;18.277;13.848;9.529;1.452;101648.387;0.0;2004.0;5.0
2004;6;5.433;7.867;239.633;22.233;17.347;12.577;1.347;101748.667;0.0;2004.0;6.0
2004;7;5.613;6.5;215.645;22.955;18.013;13.294;1.213;101578.387;0.0;2004.0;7.0
2004;8;5.419;6.881;194.742;23.606;19.432;15.1;3.477;101047.742;0.0;2004.0;8.0
2004;9;4.967;6.09;138.6;20.677;16.657;12.467;0.63;101846.667;0.0;2004.0;9.0
2004;10;5.71;3.265;69.935;15.216;12.242;9.135;3.116;100660.0;0.0;2004.0;10.0
2004;11;6.2;2.027;35.033;11.0;8.683;6.16;0.987;102235.333;0.0;2004.0;11.0
2004;12;5.613;1.555;23.29;9.003;5.848;2.874;1.497;101860.0;0.0;2004.0;12.0
2005;1;5.581;2.326;32.581;9.532;6.635;3.79;0.697;102173.226;0.0;2005.0;1.0
2005;2;5.964;2.229;50.321;7.329;4.939;2.521;0.704;102144.286;0.071;2005.0;2.0
2005;3;6.097;3.119;92.194;11.542;8.068;4.494;1.406;101636.129;0.032;2005.0;3.0
2005;4;5.7;5.1;157.033;14.59;10.383;6.167;1.0;101341.667;0.0;2005.0;4.0
2005;5;5.323;7.365;221.903;17.687;13.106;8.51;0.639;101677.097;0.0;2005.0;5.0
2005;6;5.3;7.31;228.667;22.77;17.867;12.88;1.087;101882.667;0.0;2005.0;6.0
2005;7;5.29;6.532;210.097;23.248;18.71;14.123;1.477;101527.097;0.0;2005.0;7.0
2005;8;4.484;8.077;209.161;23.239;18.123;13.006;1.368;101804.516;0.0;2005.0;8.0
2005;9;5.367;4.797;124.5;21.413;17.031;12.727;1.583;101786.333;0.0;2005.0;9.0
2005;10;5.935;2.9;66.613;17.784;14.43;11.248;2.368;101455.806;0.0;2005.0;10.0
2005;11;4.067;3.11;44.233;10.673;7.103;3.52;0.973;101592.333;0.0;2005.0;11.0
2005;12;5.097;2.119;27.097;8.155;5.067;1.906;1.432;101774.194;0.0;2005.0;12.0
2006;1;5.903;1.658;28.774;7.61;5.253;2.919;0.542;102320.323;0.0;2006.0;1.0
2006;2;5.964;2.246;49.464;7.154;4.574;1.721;1.471;101584.286;0.0;2006.0;2.0
2006;3;6.097;2.942;90.226;9.4;6.157;2.771;1.439;100979.355;0.0;2006.0;3.0
2006;4;5.167;4.41;144.033;14.05;10.037;6.027;1.113;101512.0;0.0;2006.0;4.0
2006;5;5.29;4.135;167.968;17.961;13.65;9.748;2.955;101336.129;0.0;2006.0;5.0
2006;6;3.933;7.51;234.733;23.703;18.31;12.913;0.393;102046.0;;2006.0;6.0
2006;7;2.903;8.594;245.935;28.239;22.439;16.658;0.761;101857.419;;2006.0;7.0
2006;8;5.065;4.523;159.839;22.171;17.842;13.51;2.219;101283.667;;2006.0;8.0
2006;9;4.633;5.13;126.2;22.68;18.483;14.47;2.607;101269.333;;2006.0;9.0
2006;10;4.903;3.429;73.839;17.765;14.474;11.187;2.077;100962.903;0.0;2006.0;10.0
2006;11;3.867;3.233;45.733;12.697;9.007;5.403;3.267;101408.667;0.0;2006.0;11.0
2006;12;5.867;1.329;21.548;9.729;6.852;4.542;2.052;101937.742;0.0;2006.0;12.0
2007;1;5.484;1.826;30.032;10.468;7.748;5.055;1.806;101669.032;0.1;2007.0;1.0
2007;2;5.821;2.118;47.857;9.911;6.826;3.911;3.318;100773.214;0.12;2007.0;2.0
2007;3;4.194;5.313;120.516;12.506;8.324;4.423;1.413;101625.484;0.0;2007.0;3.0
2007;4;2.567;7.487;191.533;18.853;13.28;7.707;0.12;102243.667;0.0;2007.0;4.0
2007;5;5.097;4.826;176.968;17.929;13.69;9.668;2.581;101091.935;0.0;2007.0;5.0
2007;6;5.267;4.657;187.333;21.15;16.87;12.607;2.127;101161.333;;2007.0;6.0
2007;7;5.032;5.158;193.194;21.381;17.245;13.113;3.716;101120.0;;2007.0;7.0
2007;8;4.129;6.213;179.387;21.532;17.226;12.929;1.323;101556.129;;2007.0;8.0
2007;9;4.367;4.703;123.667;19.89;15.652;11.363;0.58;102077.667;;2007.0;9.0
2007;10;4.903;3.174;67.065;15.432;11.879;8.494;1.219;102368.065;0.0;2007.0;10.0
2007;11;5.1;2.71;41.733;11.423;8.023;4.623;2.827;102015.333;0.0;2007.0;11.0
2007;12;5.0;1.981;25.806;8.897;5.974;3.048;1.439;102019.355;0.0;2007.0;12.0
2008;1;5.419;1.942;30.419;10.413;7.637;4.71;2.226;101234.516;0.0;2008.0;1.0
2008;2;3.724;4.483;67.138;10.99;6.5;2.031;0.531;102306.552;0.0;2008.0;2.0
2008;3;5.645;2.765;91.226;10.587;7.073;3.719;2.252;100653.871;0.0;2008.0;3.0
2008;4;4.7;4.677;151.8;13.66;9.369;5.19;2.113;101034.333;0.138;2008.0;4.0
2008;5;4.677;5.245;182.226;19.752;15.13;10.455;2.071;101490.323;;2008.0;5.0
2008;6;4.5;6.73;222.433;20.75;16.166;11.877;1.52;101651.667;;2008.0;6.0
2008;7;4.677;5.565;197.613;22.758;18.245;13.735;2.477;101351.29;;2008.0;7.0
2008;8;5.903;3.365;139.548;21.484;17.745;14.242;2.077;101059.032;;2008.0;8.0
2008;9;5.233;3.69;104.5;18.513;14.83;11.17;1.433;101690.667;;2008.0;9.0
2008;10;3.903;4.335;78.806;15.019;10.881;6.758;1.452;101459.355;0.0;2008.0;10.0
2008;11;5.733;1.407;30.667;10.74;7.89;5.243;1.96;101336.333;0.0;2008.0;11.0
2008;12;5.387;2.1;26.645;7.268;4.484;1.703;1.329;101832.581;0.0;2008.0;12.0
2009;1;5.452;2.039;31.323;6.745;3.519;0.306;2.335;101105.806;0.0;2009.0;1.0
2009;2;6.214;2.114;47.25;7.843;4.77;2.118;2.486;101448.077;0.84;2009.0;2.0
2009;3;4.097;5.113;119.581;12.939;8.306;3.668;0.968;101522.258;0.0;2009.0;3.0
2009;4;4.3;5.76;164.667;16.09;11.59;7.197;0.933;101324.0;0.0;2009.0;4.0
2009;5;4.161;6.255;201.194;19.106;14.197;9.345;0.961;101816.774;;2009.0;5.0
2009;6;4.367;6.427;216.667;22.417;17.3;12.17;1.133;101727.333;;2009.0;6.0
2009;7;5.258;5.026;191.226;22.687;18.403;13.739;2.303;101226.774;;2009.0;7.0
2009;8;4.484;5.406;173.29;23.923;19.023;14.139;1.277;101580.968;;2009.0;8.0
2009;9;4.367;4.577;119.9;20.363;16.26;11.967;1.2;102193.667;;2009.0;9.0
2009;10;5.29;2.732;64.968;16.303;12.852;9.329;1.271;101642.581;0.0;2009.0;10.0
2009;11;5.233;2.08;37.233;12.277;9.983;7.357;4.933;100140.333;0.0;2009.0;11.0
2009;12;5.161;1.945;25.903;6.855;4.161;1.248;2.729;100616.774;0.1;2009.0;12.0
2010;1;5.548;1.655;27.355;4.558;2.09;-0.306;1.671;101529.677;0.742;2010.0;1.0
2010;2;6.321;1.668;43.179;7.079;4.357;1.714;3.586;100306.071;0.0;2010.0;2.0
2010;3;4.968;3.432;95.871;11.094;7.416;3.684;1.284;101654.194;0.0;2010.0;3.0
2010;4;3.633;6.723;180.967;16.08;10.727;5.553;0.773;101953.0;0.0;2010.0;4.0
2010;5;4.677;5.497;191.097;17.229;12.516;7.668;0.665;101739.032;;2010.0;5.0
2010;6;3.6;7.337;231.667;23.87;17.84;12.133;0.413;101745.0;;2010.0;6.0
2010;7;4.258;5.219;192.29;24.839;20.035;15.074;0.581;101548.387;;2010.0;7.0
2010;8;5.355;3.577;142.484;21.513;17.416;13.184;2.858;101429.032;;2010.0;8.0
2010;9;4.4;4.29;115.933;19.263;15.357;11.243;1.273;101509.333;;2010.0;9.0
2010;10;5.0;3.355;69.71;15.129;11.79;8.329;2.413;101316.774;0.0;2010.0;10.0
2010;11;5.967;1.667;33.5;8.633;6.547;3.95;1.073;100592.0;0.0;2010.0;11.0
2010;12;6.387;0.597;17.065;4.068;1.187;-1.481;0.69;101476.774;0.9;2010.0;12.0
2011;1;6.581;1.148;24.355;7.387;5.113;2.832;2.477;101870.323;0.0;2011.0;1.0
2011;2;6.429;1.293;39.464;10.046;7.489;4.779;1.529;101450.714;0.0;2011.0;2.0
2011;3;4.71;4.077;105.677;12.645;8.081;3.823;0.471;102253.226;0.0;2011.0;3.0
2011;4;3.133;7.267;186.7;19.793;14.153;8.6;0.08;101955.0;0.0;2011.0;4.0
2011;5;3.806;7.032;215.097;19.484;14.416;9.355;0.794;101799.677;;2011.0;5.0
2011;6;4.533;5.783;208.167;20.68;15.897;11.03;2.8;101537.667;;2011.0;6.0
2011;7;5.065;5.6;198.323;21.977;17.2;12.642;1.606;101331.935;;2011.0;7.0
2011;8;5.29;4.648;160.968;21.545;17.61;13.377;2.219;101315.484;;2011.0;8.0
2011;9;3.967;5.373;129.9;21.58;16.89;12.407;1.167;101370.0;;2011.0;9.0
2011;10;4.387;4.529;82.645;17.706;14.139;10.094;0.594;101721.613;0.0;2011.0;10.0
2011;11;5.448;1.75;33.967;13.473;10.473;7.253;0.967;101702.333;0.0;2011.0;11.0
2011;12;5.032;1.955;25.387;9.948;6.858;3.787;2.032;101195.161;0.0;2011.0;12.0
2012;1;4.677;2.21;31.677;9.458;6.616;3.435;1.11;102117.097;0.0;2012.0;1.0
2012;2;5.379;2.928;54.414;8.328;4.662;1.328;0.579;102989.655;0.69;2012.0;2.0
2012;3;3.333;5.816;128.935;14.642;9.706;4.694;0.523;102782.903;0.0;2012.0;3.0
2012;4;4.933;4.723;151.767;13.427;9.093;4.85;3.28;100410.667;0.0;2012.0;4.0
2012;5;4.645;5.374;183.129;18.281;13.952;9.703;0.819;101655.484;0.0;2012.0;5.0
2012;6;5.633;3.95;176.367;19.283;15.493;11.583;3.693;101119.667;0.0;2012.0;6.0
2012;7;5.258;5.213;186.839;21.432;17.265;13.187;2.316;101363.226;0.0;2012.0;7.0
2012;8;4.258;5.89;181.194;23.516;18.935;14.287;1.174;101434.839;0.0;2012.0;8.0
2012;9;3.5;5.963;135.733;19.77;15.133;10.277;1.373;101508.333;0.0;2012.0;9.0
2012;10;5.968;2.761;64.968;14.006;11.126;7.961;2.852;100992.581;0.0;2012.0;10.0
2012;11;5.133;2.513;39.667;10.827;7.803;4.58;2.393;100957.333;0.0;2012.0;11.0
2012;12;5.129;1.871;24.871;9.039;5.813;2.606;3.09;100823.871;0.0;2012.0;12.0
2013;1;6.387;1.113;24.581;6.529;4.297;2.016;1.616;101362.581;0.419;2013.0;1.0
2013;2;5.857;2.318;48.429;6.639;3.954;1.214;1.171;101795.0;0.0;2013.0;2.0
2013;3;6.323;2.01;76.355;6.881;4.074;1.216;1.703;100882.903;0.0;2013.0;3.0
2013;4;4.267;5.427;163.933;13.77;9.09;4.68;1.133;101513.0;0.0;2013.0;4.0
2013;5;4.71;5.268;182.484;16.432;12.074;7.739;1.348;101228.387;0.0;2013.0;5.0
2013;6;5.033;5.25;195.3;20.373;15.767;11.203;0.387;101861.0;0.0;2013.0;6.0
2013;7;2.258;8.652;245.839;27.394;21.135;15.242;0.813;101989.355;0.0;2013.0;7.0
2013;8;2.129;6.41;189.387;23.929;19.303;14.258;1.052;101762.581;0.0;2013.0;8.0
2013;9;3.867;3.963;112.633;19.49;15.417;11.137;1.653;101578.0;0.0;2013.0;9.0
2013;10;5.355;2.89;67.226;16.884;13.787;10.565;2.626;101116.129;0.0;2013.0;10.0
2013;11;4.767;2.68;40.633;10.247;7.58;4.687;1.667;101756.333;0.0;2013.0;11.0
2013;12;4.355;1.655;23.774;10.261;6.897;3.535;3.168;101503.871;0.0;2013.0;12.0
2014;1;4.968;2.203;32.645;9.881;6.877;3.755;5.239;100161.613;0.0;2014.0;1.0
2014;2;4.25;3.275;59.25;10.6;7.532;4.436;3.207;99848.214;0.0;2014.0;2.0
2014;3;3.194;5.206;120.839;14.4;9.271;4.374;0.897;101592.258;0.0;2014.0;3.0
2014;4;3.8;5.23;158.133;15.973;11.82;7.467;1.933;101465.0;0.0;2014.0;4.0
2014;5;4.516;5.768;191.516;18.255;13.906;9.777;2.729;101501.935;0.0;2014.0;5.0
2014;6;3.9;7.34;235.5;22.137;17.32;12.497;1.36;101907.333;0.0;2014.0;6.0
2014;7;3.0;7.948;237.0;25.835;20.384;14.952;1.613;101536.774;0.0;2014.0;7.0
2014;8;3.71;5.923;183.839;21.513;17.242;12.713;3.148;101150.645;0.0;2014.0;8.0
2014;9;2.933;4.487;120.267;21.547;17.143;12.767;0.36;101961.667;0.0;2014.0;9.0
2014;10;4.548;3.348;71.516;17.458;14.294;10.987;2.452;101246.129;0.0;2014.0;10.0
2014;11;4.833;1.703;35.0;12.153;9.71;6.873;4.28;100681.667;0.0;2014.0;11.0
2014;12;3.968;2.31;27.71;9.355;6.097;2.965;1.219;101924.839;0.0;2014.0;12.0
2015;1;4.419;2.0;30.355;8.571;5.248;1.632;2.045;101432.581;0.0;2015.0;1.0
2015;2;4.679;2.282;49.214;8.236;4.907;1.75;1.379;101679.643;0.0;2015.0;2.0
2015;3;3.677;4.539;110.935;11.597;7.868;4.103;0.774;102090.0;0.0;2015.0;3.0
2015;4;3.033;7.07;185.2;16.29;11.123;5.95;0.54;102172.667;0.0;2015.0;4.0
2015;5;4.452;6.097;203.419;17.658;13.184;8.765;1.342;101486.452;0.0;2015.0;5.0
2015;6;3.533;6.567;220.367;22.903;16.843;11.4;0.407;101988.333;0.0;2015.0;6.0
2015;7;5.0;6.119;204.258;23.184;18.784;13.839;2.316;101437.742;0.0;2015.0;7.0
2015;8;5.806;4.326;154.839;22.106;18.152;14.074;3.768;101436.129;0.0;2015.0;8.0
2015;9;4.3;5.41;129.633;18.62;14.423;10.163;1.667;101731.0;0.0;2015.0;9.0
2015;10;5.677;3.039;68.355;15.639;12.565;9.258;1.284;101800.968;0.0;2015.0;10.0
2015;11;6.467;0.923;27.6;13.47;10.71;7.953;1.607;101565.0;0.0;2015.0;11.0
2015;12;6.29;1.129;20.581;13.519;11.287;8.852;1.271;101836.129;0.0;2015.0;12.0
2016;1;5.323;1.768;29.387;9.606;6.252;3.029;2.413;100838.065;0.0;2016.0;1.0
2016;2;5.276;2.993;57.586;9.317;6.1;2.862;1.51;101026.552;0.0;2016.0;2.0
2016;3;5.355;3.977;104.742;10.726;6.994;3.235;2.348;101449.032;0.0;2016.0;3.0
2016;4;5.0;5.667;168.733;13.6;9.187;4.893;1.573;101263.0;0.0;2016.0;4.0
2016;5;4.903;6.216;199.452;18.926;14.368;9.742;1.948;101458.387;0.0;2016.0;5.0
2016;6;6.367;3.39;156.966;20.863;16.683;12.693;3.113;101437.333;0.0;2016.0;6.0
2016;7;5.226;5.897;187.613;23.929;19.213;14.477;0.516;101709.032;0.0;2016.0;7.0
2016;8;4.161;6.497;186.645;24.916;19.687;14.619;0.697;101833.548;0.0;2016.0;8.0
2016;9;5.067;4.07;110.267;22.06;18.017;13.677;1.407;101712.667;0.0;2016.0;9.0
2016;10;5.258;3.406;73.258;15.819;12.29;8.648;0.697;102166.452;0.0;2016.0;10.0
2016;11;4.967;2.58;39.833;10.363;7.15;3.793;2.88;101457.333;0.0;2016.0;11.0
2016;12;5.387;1.777;23.871;10.303;6.823;3.406;0.335;102761.29;0.0;2016.0;12.0
2017;1;4.903;2.081;30.548;7.639;4.123;0.665;1.942;102335.484;0.0;2017.0;1.0
2017;2;6.429;1.707;44.893;9.939;7.239;4.439;1.364;101388.214;0.0;2017.0;2.0
2017;3;5.452;3.752;102.0;14.342;10.371;6.626;0.832;101489.032;0.0;2017.0;3.0
2017;4;4.4;6.207;171.267;15.783;10.87;5.903;0.153;102254.333;0.0;2017.0;4.0
2017;5;5.065;5.316;181.867;20.155;15.09;10.384;2.09;101668.387;0.0;2017.0;5.0
2017;6;4.433;6.81;208.231;23.9;18.953;13.92;1.547;101332.333;0.0;2017.0;6.0
2017;7;5.516;5.742;182.903;23.806;19.387;14.926;2.903;101396.774;0.0;2017.0;7.0
2017;8;4.935;5.642;174.097;22.003;17.758;13.513;1.89;101630.0;0.0;2017.0;8.0
2017;9;5.5;4.003;115.533;19.077;15.09;10.993;1.967;101347.0;0.0;2017.0;9.0
2017;10;5.774;2.729;64.742;16.977;13.697;10.342;0.297;101838.065;0.0;2017.0;10.0
2017;11;5.5;2.223;38.0;10.837;7.81;4.493;1.14;101645.0;0.0;2017.0;11.0
2017;12;5.774;1.413;21.935;8.684;5.784;2.89;2.619;101372.581;0.032;2017.0;12.0
2018;1;6.032;1.5;27.774;9.642;6.716;3.803;1.871;101105.806;0.0;2018.0;1.0
2018;2;5.214;3.286;60.071;6.475;3.682;0.639;1.036;101726.429;0.036;2018.0;2.0
2018;3;6.645;2.268;82.742;10.077;6.397;3.003;2.619;100195.161;0.065;2018.0;3.0
2018;4;5.667;3.78;129.833;15.643;11.703;7.937;2.173;101047.0;0.0;2018.0;4.0
2018;5;3.677;8.01;200.645;21.139;15.348;9.835;1.884;101793.226;0.0;2018.0;5.0
2018;6;4.133;7.817;164.367;24.487;18.66;13.113;0.013;101953.333;0.0;2018.0;6.0
2018;7;3.516;8.79;194.742;28.103;22.31;16.358;0.477;101652.258;0.0;2018.0;7.0
2018;8;4.484;5.874;178.484;24.426;19.5;14.51;1.555;101679.355;0.0;2018.0;8.0
2018;9;3.933;6.5;142.767;20.647;15.927;10.963;0.98;102103.667;0.0;2018.0;9.0
2018;10;4.419;4.419;81.161;16.335;12.49;8.465;1.968;101813.548;0.0;2018.0;10.0
2018;11;5.233;2.43;39.167;12.29;9.02;5.847;2.46;101206.333;0.0;2018.0;11.0
2018;12;5.871;1.3;22.032;10.568;7.91;5.155;1.955;101692.581;0.0;2018.0;12.0
2019;1;5.903;1.819;29.871;7.371;4.806;1.987;1.071;101839.355;0.0;2019.0;1.0
2019;2;4.107;4.293;67.643;12.714;7.843;3.271;1.221;101999.286;0.071;2019.0;2.0
2019;3;5.548;3.839;103.806;13.229;9.484;5.845;1.6;101650.645;0.0;2019.0;3.0
2019;4;4.6;5.67;163.8;15.923;10.737;5.7;0.427;101407.667;0.0;2019.0;4.0
2019;5;5.032;5.687;194.161;18.839;13.448;8.361;1.161;101714.839;0.0;2019.0;5.0
2019;6;5.433;5.67;166.267;21.67;16.893;11.923;2.727;101446.333;0.0;2019.0;6.0
2019;7;4.806;6.274;191.29;25.574;20.181;14.91;1.639;101598.387;0.0;2019.0;7.0
2019;8;4.0;6.49;188.806;25.065;19.642;14.077;1.084;101430.645;0.0;2019.0;8.0
2019;9;4.2;5.227;127.133;21.223;16.54;11.827;2.1;101756.0;0.0;2019.0;9.0
2019;10;5.806;2.387;61.161;15.3;12.052;8.639;2.994;101119.677;0.0;2019.0;10.0
2019;11;5.9;1.71;34.567;10.007;7.3;4.3;2.493;100103.0;0.0;2019.0;11.0
2019;12;5.226;1.813;25.419;10.223;7.068;3.955;2.89;100923.548;0.0;2019.0;12.0
2020;1;5.484;1.877;34.677;9.929;7.555;5.235;1.477;101974.516;;2020.0;1.0
2020;2;5.724;2.276;61.241;11.129;8.243;5.321;3.479;101061.034;;2020.0;2.0
2020;3;4.419;5.461;135.419;11.893;7.973;4.174;1.4;101673.548;;2020.0;3.0
2020;4;3.867;9.167;233.533;18.187;12.353;6.573;1.247;101737.333;;2020.0;4.0
2020;5;3.871;10.668;314.161;21.247;15.257;9.323;0.083;102164.516;;2020.0;5.0
2020;6;4.933;7.087;261.733;22.57;17.717;12.707;1.828;101264.667;;2020.0;6.0
2020;7;5.323;5.942;244.548;23.807;18.6;13.535;1.173;101668.71;;2020.0;7.0
2020;8;5.0;6.135;210.742;25.2;20.393;15.739;1.813;101224.194;;2020.0;8.0
2020;9;4.2;6.54;170.0;21.693;16.617;11.58;0.64;101695.0;;2020.0;9.0
2020;10;5.774;1.887;72.516;14.97;11.933;9.039;4.632;100804.516;;2020.0;10.0
2020;11;5.933;1.717;43.167;12.637;9.807;7.027;1.66;101939.0;;2020.0;11.0
2020;12;5.467;1.426;27.968;8.326;6.232;4.187;2.335;100303.871;;2020.0;12.0
